Cluster,Country
Low-Development Profile,Albania
Low-Development Profile,Antigua and Barbuda
Low-Development Profile,Bahamas
Low-Development Profile,Barbados
Low-Development Profile,Belarus
Low-Development Profile,Belize
Low-Development Profile,Bhutan
Low-Development Profile,Bosnia and Herzegovina
Low-Development Profile,Bulgaria
Low-Development Profile,Cambodia
Low-Development Profile,Cape Verde
Low-Development Profile,Chile
Low-Development Profile,Costa Rica
Low-Development Profile,Croatia
Low-Development Profile,Cyprus
Low-Development Profile,Czech Republic
Low-Development Profile,El Salvador
Low-Development Profile,Estonia
Low-Development Profile,Fiji
Low-Development Profile,Georgia
Low-Development Profile,Grenada
Low-Development Profile,Guyana
Low-Development Profile,Hungary
Low-Development Profile,Jordan
Low-Development Profile,Kyrgyz Republic
Low-Development Profile,Latvia
Low-Development Profile,Lebanon
Low-Development Profile,Libya
Low-Development Profile,Lithuania
Low-Development Profile,"Macedonia, FYR"
Low-Development Profile,Malaysia
Low-Development Profile,Maldives
Low-Development Profile,Mauritius
Low-Development Profile,"Micronesia, Fed. Sts."
Low-Development Profile,Moldova
Low-Development Profile,Montenegro
Low-Development Profile,Morocco
Low-Development Profile,Panama
Low-Development Profile,Paraguay
Low-Development Profile,Poland
Low-Development Profile,Romania
Low-Development Profile,Samoa
Low-Development Profile,Serbia
Low-Development Profile,Seychelles
Low-Development Profile,Slovak Republic
Low-Development Profile,Slovenia
Low-Development Profile,Solomon Islands
Low-Development Profile,South Korea
Low-Development Profile,St. Vincent and the Grenadines
Low-Development Profile,Suriname
Low-Development Profile,Thailand
Low-Development Profile,Tunisia
Low-Development Profile,Turkmenistan
Low-Development Profile,Ukraine
Low-Development Profile,Uruguay
Low-Development Profile,Vanuatu
Low-Development Profile,Vietnam
Developing-Economy Profile,Afghanistan
Developing-Economy Profile,Angola
Developing-Economy Profile,Benin
Developing-Economy Profile,Botswana
Developing-Economy Profile,Burkina Faso
Developing-Economy Profile,Burundi
Developing-Economy Profile,Cameroon
Developing-Economy Profile,Central African Republic
Developing-Economy Profile,Chad
Developing-Economy Profile,Comoros
Developing-Economy Profile,"Congo, Dem. Rep."
Developing-Economy Profile,"Congo, Rep."
Developing-Economy Profile,Cote d'Ivoire
Developing-Economy Profile,Equatorial Guinea
Developing-Economy Profile,Gambia
Developing-Economy Profile,Ghana
Developing-Economy Profile,Guinea
Developing-Economy Profile,Guinea-Bissau
Developing-Economy Profile,Haiti
Developing-Economy Profile,Kenya
Developing-Economy Profile,Kiribati
Developing-Economy Profile,Lao
Developing-Economy Profile,Lesotho
Developing-Economy Profile,Liberia
Developing-Economy Profile,Madagascar
Developing-Economy Profile,Malawi
Developing-Economy Profile,Mali
Developing-Economy Profile,Mauritania
Developing-Economy Profile,Mozambique
Developing-Economy Profile,Namibia
Developing-Economy Profile,Niger
Developing-Economy Profile,Nigeria
Developing-Economy Profile,Rwanda
Developing-Economy Profile,Senegal
Developing-Economy Profile,Sierra Leone
Developing-Economy Profile,South Africa
Developing-Economy Profile,Sudan
Developing-Economy Profile,Tanzania
Developing-Economy Profile,Timor-Leste
Developing-Economy Profile,Togo
Developing-Economy Profile,Uganda
Developing-Economy Profile,Zambia
High-Income Trade-Oriented Profile,Bahrain
High-Income Trade-Oriented Profile,Brunei
High-Income Trade-Oriented Profile,Ireland
High-Income Trade-Oriented Profile,Kuwait
High-Income Trade-Oriented Profile,Luxembourg
High-Income Trade-Oriented Profile,Malta
High-Income Trade-Oriented Profile,Oman
High-Income Trade-Oriented Profile,Qatar
High-Income Trade-Oriented Profile,Singapore
High-Income Trade-Oriented Profile,United Arab Emirates
Emerging-Economy Profile,Algeria
Emerging-Economy Profile,Argentina
Emerging-Economy Profile,Armenia
Emerging-Economy Profile,Azerbaijan
Emerging-Economy Profile,Bangladesh
Emerging-Economy Profile,Bolivia
Emerging-Economy Profile,Brazil
Emerging-Economy Profile,China
Emerging-Economy Profile,Colombia
Emerging-Economy Profile,Dominican Republic
Emerging-Economy Profile,Ecuador
Emerging-Economy Profile,Egypt
Emerging-Economy Profile,Eritrea
Emerging-Economy Profile,Gabon
Emerging-Economy Profile,Guatemala
Emerging-Economy Profile,India
Emerging-Economy Profile,Indonesia
Emerging-Economy Profile,Iran
Emerging-Economy Profile,Iraq
Emerging-Economy Profile,Jamaica
Emerging-Economy Profile,Kazakhstan
Emerging-Economy Profile,Mongolia
Emerging-Economy Profile,Myanmar
Emerging-Economy Profile,Nepal
Emerging-Economy Profile,Pakistan
Emerging-Economy Profile,Peru
Emerging-Economy Profile,Philippines
Emerging-Economy Profile,Russia
Emerging-Economy Profile,Saudi Arabia
Emerging-Economy Profile,Sri Lanka
Emerging-Economy Profile,Tajikistan
Emerging-Economy Profile,Tonga
Emerging-Economy Profile,Turkey
Emerging-Economy Profile,Uzbekistan
Emerging-Economy Profile,Venezuela
Emerging-Economy Profile,Yemen
Advanced-Economy Profile,Australia
Advanced-Economy Profile,Austria
Advanced-Economy Profile,Belgium
Advanced-Economy Profile,Canada
Advanced-Economy Profile,Denmark
Advanced-Economy Profile,Finland
Advanced-Economy Profile,France
Advanced-Economy Profile,Germany
Advanced-Economy Profile,Greece
Advanced-Economy Profile,Iceland
Advanced-Economy Profile,Israel
Advanced-Economy Profile,Italy
Advanced-Economy Profile,Japan
Advanced-Economy Profile,Netherlands
Advanced-Economy Profile,New Zealand
Advanced-Economy Profile,Norway
Advanced-Economy Profile,Portugal
Advanced-Economy Profile,Spain
Advanced-Economy Profile,Sweden
Advanced-Economy Profile,Switzerland
Advanced-Economy Profile,United Kingdom
Advanced-Economy Profile,United States
